Date,Close,High,Low,Open,Volume
4/01/2022,44744.125,44970.67578,44177.74219,44744.125,2001830
5/01/2022,44177.74219,45537.05859,44177.74219,44744.125,2987563
6/01/2022,44800.76172,45253.86719,44121.10547,44517.57031,2146256
7/01/2022,45197.22656,45253.86719,44291.01953,45083.95313,1705917
10/01/2022,45027.3125,45253.86719,44460.93359,45140.58984,2041027
11/01/2022,44970.67578,45310.50391,44460.93359,45310.50391,1909843
12/01/2022,45310.50391,45310.50391,44177.74219,44970.67578,4062456
13/01/2022,46386.62891,47802.58203,45423.78125,45593.69531,4540579
14/01/2022,47236.19922,47236.19922,45876.88672,46386.62891,2740379
17/01/2022,48822.07031,49841.55469,46613.17969,47009.64844,4708364
18/01/2022,49615.00391,49615.00391,47576.03125,48425.60156,3064365
19/01/2022,49161.89844,49558.36328,48142.41016,49558.36328,2497962
20/01/2022,49331.8125,49558.36328,47066.28516,48255.6875,4933601
21/01/2022,50521.21094,50974.31641,48765.42969,49218.53516,4610497
24/01/2022,52673.46094,52956.65234,49954.83203,50634.48828,4816719
25/01/2022,54259.32813,54372.60547,50407.9375,52390.26953,4230894
26/01/2022,53523.03516,54259.32813,52446.91016,54259.32813,4647928
27/01/2022,51540.69922,53523.03516,51200.87109,52673.46094,3059598
28/01/2022,50407.9375,52107.07813,50407.9375,51540.69922,3779608
7/02/2022,52333.63281,52616.82422,50691.125,51314.14453,3046709
8/02/2022,52107.07813,52333.63281,51030.95703,52333.63281,2163559
9/02/2022,51427.42188,52050.44141,51144.23047,51653.97656,2846668
10/02/2022,51710.61328,52900.01563,51540.69922,51597.33594,3226094
11/02/2022,50974.31641,51880.52734,50974.31641,51710.61328,30470814
14/02/2022,48708.79297,50294.66016,48708.79297,49898.19141,6548834
15/02/2022,49275.17188,50011.46875,47462.75391,48708.79297,4331886
16/02/2022,49275.17188,49784.91797,48935.34375,49558.36328,2410037
17/02/2022,49558.36328,49671.64063,49161.89844,49275.17188,2632854
18/02/2022,49388.44922,49558.36328,48935.34375,48935.34375,1882477
21/02/2022,49501.72656,49615.00391,49048.62109,49048.62109,1936679
22/02/2022,49161.89844,49275.17188,48142.41016,49275.17188,2825304
23/02/2022,49218.53516,49275.17188,48595.51563,49275.17188,1741405
24/02/2022,48312.32422,49161.89844,48142.41016,49105.25781,3809623
25/02/2022,48199.05078,48652.15234,48142.41016,48312.32422,2960019
28/02/2022,47859.21875,48199.05078,47802.58203,48199.05078,2334293
1/03/2022,48142.41016,48368.96484,47632.66797,47859.21875,2426633
2/03/2022,48142.41016,48482.23828,47689.30469,48482.23828,3029053
3/03/2022,48425.60156,48425.60156,47972.49609,48142.41016,1857758
4/03/2022,48085.77344,48425.60156,48029.13281,48255.6875,2007657
7/03/2022,48085.77344,48085.77344,47519.39063,47745.94531,3147701
8/03/2022,46160.07813,47859.21875,46160.07813,47462.75391,5237284
9/03/2022,47009.64844,47066.28516,46273.35156,46329.99219,2479071
10/03/2022,47292.83984,47406.11328,46953.01172,47009.64844,2090640
11/03/2022,47462.75391,47519.39063,47009.64844,47406.11328,1598921
14/03/2022,47689.30469,47689.30469,47122.92578,47179.5625,2671698
15/03/2022,45933.52344,47632.66797,45876.88672,47576.03125,4255083
16/03/2022,46726.45703,47122.92578,46046.80078,46046.80078,1819621
17/03/2022,47009.64844,47292.83984,46839.73438,47009.64844,2297744
18/03/2022,47689.30469,48255.6875,46953.01172,47066.28516,2536452
21/03/2022,48085.77344,48425.60156,47576.03125,47689.30469,1701855
22/03/2022,48085.77344,48425.60156,48085.77344,48085.77344,1818739
23/03/2022,48085.77344,48482.23828,48085.77344,48085.77344,1801965
24/03/2022,47292.83984,48085.77344,47292.83984,48085.77344,1059709
25/03/2022,46726.45703,47576.03125,46443.26563,47576.03125,2106000
28/03/2022,46669.82031,47009.64844,46443.26563,47009.64844,1376104
29/03/2022,46386.62891,47009.64844,46216.71484,46669.82031,1851402
30/03/2022,46443.26563,47292.83984,46160.07813,46329.99219,1710683
31/03/2022,46499.90625,46783.09766,46443.26563,46443.26563,869378
1/04/2022,46896.37109,47349.47656,45933.52344,46499.90625,1737874
4/04/2022,46783.09766,47632.66797,46783.09766,47122.92578,1398351
5/04/2022,47009.64844,47122.92578,46783.09766,46896.37109,928879
6/04/2022,47915.85938,48142.41016,46273.35156,46953.01172,3592278
7/04/2022,47009.64844,48255.6875,47009.64844,48085.77344,1735579
8/04/2022,47009.64844,47519.39063,46953.01172,47519.39063,1434015
12/04/2022,46669.82031,47122.92578,46216.71484,47009.64844,1556018
13/04/2022,46669.82031,47066.28516,46443.26563,47009.64844,1599098
14/04/2022,45876.88672,46953.01172,45876.88672,46669.82031,2075279
15/04/2022,45423.78125,46160.07813,45423.78125,45990.16016,1650477
18/04/2022,44007.82813,45423.78125,43951.1875,45310.50391,2281501
19/04/2022,44007.82813,44460.93359,43951.1875,44064.46484,1849283
20/04/2022,44404.29297,44687.48438,44007.82813,44177.74219,1597156
21/04/2022,44404.29297,44857.39844,44291.01953,44404.29297,4013550
22/04/2022,46556.54297,46783.09766,44800.76172,44800.76172,8511226
25/04/2022,46329.99219,47009.64844,43611.35938,46556.54297,5083324
26/04/2022,45593.69531,45593.69531,44744.125,44744.125,4426346
27/04/2022,46160.07813,46443.26563,44291.01953,45253.86719,4121780
28/04/2022,46160.07813,46216.71484,45027.3125,46160.07813,995971
29/04/2022,45820.24609,46613.17969,45310.50391,46103.4375,50944830
4/05/2022,45253.86719,45876.88672,44744.125,45820.24609,1653655
5/05/2022,45876.88672,46160.07813,45083.95313,45593.69531,1799670
6/05/2022,44970.67578,45990.16016,44970.67578,45140.58984,2349829
9/05/2022,44121.10547,45537.05859,44064.46484,44630.84766,3026229
10/05/2022,45310.50391,45310.50391,43668,43668,1634940
11/05/2022,45310.50391,45480.41797,44744.125,45310.50391,1812029
12/05/2022,43611.35938,45253.86719,43611.35938,44744.125,1794373
13/05/2022,41345.83594,44177.74219,41345.83594,43611.35938,3502346
16/05/2022,42025.49219,43271.53125,41912.21484,42761.78906,2752208
17/05/2022,43044.98047,43611.35938,41402.47266,42025.49219,4142615
18/05/2022,42705.14844,43611.35938,42478.59766,43611.35938,1652596
19/05/2022,43044.98047,43441.44531,42365.32031,42478.59766,1016628
20/05/2022,42648.51172,43328.16797,42478.59766,42535.23438,1311482
23/05/2022,42138.76953,42818.42578,41685.66406,42818.42578,1212256
24/05/2022,42818.42578,42875.06641,42082.13281,42421.96094,1586739
25/05/2022,43611.35938,43611.35938,42365.32031,43044.98047,1585504
26/05/2022,43441.44531,43668,43044.98047,43611.35938,1825447
27/05/2022,43837.91406,43837.91406,43214.89453,43441.44531,1574910
30/05/2022,44177.74219,45876.88672,43271.53125,43837.91406,2486663
31/05/2022,44687.48438,44687.48438,44177.74219,44687.48438,2098761
1/06/2022,45593.69531,45593.69531,44744.125,44744.125,1410356
2/06/2022,44744.125,45763.60938,44744.125,45763.60938,1310923
3/06/2022,43894.55078,45027.3125,43271.53125,44404.29297,1028987
6/06/2022,45140.58984,45310.50391,42535.23438,43894.55078,1554605
7/06/2022,45876.88672,46443.26563,44234.37891,44744.125,1790313
8/06/2022,44857.39844,45876.88672,44630.84766,45876.88672,2153495
9/06/2022,44064.46484,45253.86719,44007.82813,44744.125,1884771
10/06/2022,44007.82813,44744.125,43837.91406,44064.46484,690169
13/06/2022,43271.53125,43611.35938,41968.85547,43611.35938,2155437
14/06/2022,43611.35938,44234.37891,41912.21484,42761.78906,1919554
15/06/2022,43328.16797,44347.65625,42648.51172,43837.91406,2195693
16/06/2022,44800.76172,45310.50391,43328.16797,43441.44531,2338706
17/06/2022,43101.61719,44347.65625,43101.61719,43611.35938,1892010
20/06/2022,43044.98047,45027.3125,42648.51172,45027.3125,1923967
21/06/2022,44007.82813,44007.82813,42591.875,43044.98047,1725162
22/06/2022,43044.98047,44177.74219,42478.59766,44121.10547,3822865
23/06/2022,42988.33984,43441.44531,42421.96094,42535.23438,1042053
24/06/2022,42478.59766,43214.89453,42252.04688,43158.25391,1215787
27/06/2022,42421.96094,43044.98047,42365.32031,42761.78906,1692322
28/06/2022,43214.89453,43611.35938,42365.32031,42478.59766,1934737
29/06/2022,42761.78906,42988.33984,42648.51172,42931.70313,2449762
30/06/2022,42365.32031,43044.98047,42365.32031,42761.78906,1402707
1/07/2022,41912.21484,42478.59766,41289.19531,42195.40625,2441817
4/07/2022,41968.85547,42591.875,41855.57813,42421.96094,1388110
5/07/2022,41912.21484,42421.96094,41685.66406,42421.96094,1879475
6/07/2022,41232.55859,41855.57813,39023.67188,41742.30078,2902991
7/07/2022,42761.78906,42761.78906,40609.53906,41175.92188,2273026
8/07/2022,41912.21484,42478.59766,41855.57813,42421.96094,1343617
11/07/2022,40779.45313,41629.02734,40779.45313,41515.75,1336201
12/07/2022,40722.81641,41119.28125,40609.53906,40836.09375,1483981
13/07/2022,40666.17578,41572.38672,40439.625,40666.17578,2436343
14/07/2022,41006.00781,41232.55859,40552.90234,40666.17578,775801
15/07/2022,40949.36719,41629.02734,40836.09375,40836.09375,1106144
18/07/2022,40779.45313,41289.19531,40779.45313,41062.64453,691053
19/07/2022,40382.98828,40836.09375,40269.71094,40779.45313,1628055
20/07/2022,41062.64453,41062.64453,40552.90234,40552.90234,1013273
21/07/2022,41062.64453,41289.19531,40836.09375,41062.64453,2056211
22/07/2022,41062.64453,41175.92188,40779.45313,40836.09375,1976759
25/07/2022,41289.19531,41459.11328,40779.45313,41006.00781,1750939
26/07/2022,41855.57813,42138.76953,41459.11328,41459.11328,1977112
27/07/2022,42478.59766,42478.59766,41742.30078,41912.21484,2418687
28/07/2022,42648.51172,42818.42578,42365.32031,42705.14844,2107766
29/07/2022,42308.68359,42761.78906,42308.68359,42705.14844,4412221
1/08/2022,43611.35938,43611.35938,42138.76953,42308.68359,2938479
2/08/2022,44687.48438,44857.39844,43044.98047,43611.35938,3138873
3/08/2022,45027.3125,45027.3125,44177.74219,44347.65625,3279944
4/08/2022,46726.45703,46726.45703,44970.67578,45027.3125,4145793
5/08/2022,46443.26563,46669.82031,45933.52344,46443.26563,2464416
8/08/2022,46443.26563,46726.45703,46386.62891,46443.26563,1707330
9/08/2022,45763.60938,46443.26563,45253.86719,46443.26563,2303923
10/08/2022,45593.69531,45876.88672,45367.14063,45367.14063,966662
11/08/2022,46160.07813,46443.26563,45650.33203,46046.80078,2160204
12/08/2022,46216.71484,46386.62891,45820.24609,46160.07813,2469713
15/08/2022,46329.99219,46613.17969,46273.35156,46443.26563,2329701
16/08/2022,46160.07813,46443.26563,45933.52344,46443.26563,1795079
17/08/2022,46160.07813,46273.35156,45990.16016,45990.16016,1502521
18/08/2022,46160.07813,46443.26563,45990.16016,46046.80078,3025522
19/08/2022,45820.24609,46443.26563,45650.33203,45650.33203,2118714
22/08/2022,45310.50391,46160.07813,45310.50391,45367.14063,1090783
23/08/2022,45423.78125,46046.80078,45253.86719,45310.50391,1435428
24/08/2022,46443.26563,46953.01172,45480.41797,45990.16016,2005185
25/08/2022,46443.26563,46556.54297,46046.80078,46556.54297,1113736
26/08/2022,46726.45703,47406.11328,46443.26563,46443.26563,2815240
29/08/2022,46726.45703,46726.45703,45820.24609,46103.4375,1877709
30/08/2022,48708.79297,48708.79297,46726.45703,46726.45703,4524865
31/08/2022,47576.03125,48991.98438,47576.03125,48708.79297,1991413
5/09/2022,46783.09766,47745.94531,46726.45703,47576.03125,2794582
6/09/2022,46839.73438,47576.03125,46499.90625,46783.09766,1813795
7/09/2022,45310.50391,46726.45703,45197.22656,46443.26563,4176161
8/09/2022,44177.74219,45820.24609,44177.74219,45820.24609,2514736
9/09/2022,44630.84766,44914.03906,44291.01953,44460.93359,4775297
12/09/2022,44800.76172,45140.58984,44630.84766,45083.95313,1811146
13/09/2022,44517.57031,44970.67578,44517.57031,44970.67578,3804679
14/09/2022,44347.65625,45027.3125,43611.35938,43724.63672,1917081
15/09/2022,44857.39844,44914.03906,44234.37891,44460.93359,1419891
16/09/2022,45310.50391,45310.50391,44460.93359,44914.03906,2682291
19/09/2022,44630.84766,45423.78125,44177.74219,44744.125,1819444
20/09/2022,44857.39844,45310.50391,44517.57031,44630.84766,920227
21/09/2022,44687.48438,45083.95313,44121.10547,44914.03906,2682291
22/09/2022,44177.74219,44517.57031,43894.55078,44007.82813,2215821
23/09/2022,42988.33984,44007.82813,42931.70313,43724.63672,1861113
26/09/2022,42478.59766,43611.35938,41968.85547,42535.23438,3063129
27/09/2022,42082.13281,43044.98047,42025.49219,43044.98047,1188951
28/09/2022,42478.59766,42478.59766,41798.94141,41912.21484,1164761
29/09/2022,41912.21484,43044.98047,41912.21484,43044.98047,1037815
30/09/2022,41459.11328,42082.13281,41006.00781,41459.11328,3136402
3/10/2022,39986.51953,41798.94141,39816.60547,41629.02734,1624169
4/10/2022,40382.98828,40722.81641,39363.5,39646.69141,2261549
5/10/2022,40496.26172,40779.45313,40269.71094,40439.625,1640237
6/10/2022,39703.32813,40779.45313,39590.05469,40779.45313,1528298
7/10/2022,37777.63281,39420.14063,36984.69922,39420.14063,3890840
10/10/2022,36871.42188,38344.01563,36305.04297,37664.35547,2411802
11/10/2022,35115.64063,37381.16797,35115.64063,36984.69922,2704360
12/10/2022,36248.40234,36984.69922,35228.91797,35682.02344,2800939
13/10/2022,37664.35547,37664.35547,35512.10938,36305.04297,2942892
14/10/2022,38570.56641,38797.12109,38117.46094,38797.12109,3245692
17/10/2022,37551.08203,38513.92969,37097.97656,38117.46094,2297744
18/10/2022,38344.01563,38513.92969,38117.46094,38513.92969,1597863
19/10/2022,38457.28906,38513.92969,38117.46094,38457.28906,1229559
20/10/2022,39193.58594,39646.69141,38004.1875,38457.28906,2784841
21/10/2022,38513.92969,40043.16016,38513.92969,39193.58594,2568410
24/10/2022,38513.92969,39363.5,37267.89063,39363.5,1543306
25/10/2022,39590.05469,39986.51953,37381.16797,37381.16797,2991270
26/10/2022,39646.69141,39986.51953,38797.12109,39986.51953,1150107
27/10/2022,40609.53906,41289.19531,39250.22266,39929.88281,2291387
28/10/2022,40552.90234,42195.40625,40552.90234,41062.64453,2756093
31/10/2022,41629.02734,41629.02734,41062.64453,41629.02734,1164232
1/11/2022,42478.59766,42478.59766,41515.75,41912.21484,1458557
2/11/2022,41685.66406,42195.40625,40779.45313,41912.21484,2215998
3/11/2022,41345.83594,41572.38672,40779.45313,40779.45313,1332317
4/11/2022,40666.17578,41062.64453,39023.67188,40496.26172,2786108
7/11/2022,40666.17578,41345.83594,40269.71094,40666.17578,3107447
8/11/2022,41119.28125,42478.59766,40552.90234,40779.45313,3988301
9/11/2022,41912.21484,42025.49219,41119.28125,41629.02734,2144843
10/11/2022,41232.55859,41855.57813,40552.90234,41855.57813,2679289
11/11/2022,42761.78906,42761.78906,41345.83594,41345.83594,3410422
14/11/2022,42535.23438,43328.16797,41968.85547,42761.78906,3242514
15/11/2022,42478.59766,43271.53125,40836.09375,42138.76953,3534366
16/11/2022,42535.23438,44177.74219,39816.60547,39816.60547,5861421
17/11/2022,43328.16797,43384.80859,42761.78906,43101.61719,3258757
18/11/2022,43328.16797,43554.72266,41685.66406,42988.33984,2762801
21/11/2022,42478.59766,43328.16797,42478.59766,43328.16797,2162675
22/11/2022,41629.02734,43044.98047,41062.64453,42195.40625,3418191
23/11/2022,41629.02734,41629.02734,41006.00781,41345.83594,3130399
24/11/2022,41345.83594,41912.21484,41062.64453,41629.02734,2003950
25/11/2022,41402.47266,41685.66406,41232.55859,41402.47266,3310667
28/11/2022,43441.44531,43611.35938,41798.94141,42195.40625,4161329
29/11/2022,45197.22656,45197.22656,43044.98047,43044.98047,3014576
30/11/2022,45876.88672,45876.88672,43611.35938,45480.41797,2575295
1/12/2022,45310.50391,46103.4375,44857.39844,45820.24609,2081458
2/12/2022,48142.41016,48142.41016,44914.03906,45253.86719,2431753
5/12/2022,48142.41016,49275.17188,46726.45703,47632.66797,2937950
6/12/2022,45310.50391,48255.6875,45310.50391,48142.41016,2432989
7/12/2022,44460.93359,46443.26563,44177.74219,45310.50391,2806941
8/12/2022,43611.35938,45876.88672,43611.35938,44744.125,4378144
9/12/2022,43781.27344,44857.39844,43668,44404.29297,3089967
12/12/2022,43837.91406,45593.69531,43837.91406,44630.84766,4247490
13/12/2022,44291.01953,44914.03906,44121.10547,44234.37891,3941690
14/12/2022,44630.84766,45140.58984,44460.93359,45140.58984,2200460
15/12/2022,45027.3125,45706.97266,44517.57031,44630.84766,2207699
16/12/2022,45140.58984,46953.01172,44687.48438,45027.3125,6021913
19/12/2022,44857.39844,45876.88672,44744.125,45310.50391,1337437
20/12/2022,44744.125,46443.26563,44744.125,45140.58984,2755033
21/12/2022,44574.20703,46103.4375,44574.20703,46103.4375,1698502
22/12/2022,44914.03906,45933.52344,44914.03906,45027.3125,1942683
23/12/2022,44800.76172,45990.16016,44800.76172,45423.78125,2445701
26/12/2022,44687.48438,45763.60938,44687.48438,44857.39844,2125069
27/12/2022,44800.76172,45593.69531,44687.48438,45423.78125,2108120
28/12/2022,45310.50391,46443.26563,45027.3125,45537.05859,2071924
29/12/2022,45706.97266,46726.45703,45593.69531,46613.17969,2424867
30/12/2022,45310.50391,47066.28516,45310.50391,46953.01172,2667636
3/01/2023,46783.09766,46783.09766,45423.78125,45423.78125,1924144
4/01/2023,46896.37109,46953.01172,46329.99219,46953.01172,1719511
5/01/2023,47576.03125,47576.03125,46726.45703,46896.37109,1904369
6/01/2023,47576.03125,48029.13281,47519.39063,47576.03125,2227297
9/01/2023,49218.53516,49218.53516,48029.13281,48595.51563,2943423
10/01/2023,49445.08984,50917.67969,48822.07031,48822.07031,3881659
11/01/2023,48199.05078,49445.08984,48199.05078,49445.08984,2318226
12/01/2023,48029.13281,48255.6875,47462.75391,48255.6875,3469394
13/01/2023,48595.51563,48991.98438,48255.6875,48255.6875,1451319
16/01/2023,49445.08984,50124.74609,48708.79297,48708.79297,1825625
17/01/2023,50634.48828,50634.48828,49445.08984,50124.74609,1138101
18/01/2023,50974.31641,51540.69922,50634.48828,50974.31641,1560785
19/01/2023,52673.46094,54372.60547,49558.36328,50691.125,3137108
27/01/2023,52673.46094,53579.67188,51823.89063,52673.46094,2799879
30/01/2023,50917.67969,52390.26953,50861.04297,52163.71875,1845046
31/01/2023,52050.44141,52050.44141,49728.27734,50917.67969,2707892
1/02/2023,50464.57422,52390.26953,50464.57422,52107.07813,2006421
2/02/2023,51314.14453,52107.07813,50181.38281,50181.38281,1819621
3/02/2023,52673.46094,52673.46094,50464.57422,51144.23047,1648005
6/02/2023,54372.60547,54542.51953,51823.89063,52446.91016,2523917
7/02/2023,52107.07813,54089.41406,52107.07813,53976.13672,2594011
8/02/2023,53353.11719,54485.88281,52163.71875,52163.71875,1678726
9/02/2023,52673.46094,53806.22266,52673.46094,53126.56641,1483629
10/02/2023,53523.03516,53523.03516,52560.18359,53523.03516,1260104
13/02/2023,52956.65234,54032.77734,52107.07813,53692.94922,1576145
14/02/2023,52390.26953,52956.65234,51653.97656,52956.65234,2080047
15/02/2023,52673.46094,53353.11719,51653.97656,52390.26953,1587799
16/02/2023,52333.63281,53239.84375,52220.35547,52673.46094,1487689
17/02/2023,52673.46094,52843.375,52107.07813,52673.46094,1675902
20/02/2023,53126.56641,53523.03516,52673.46094,52673.46094,2049855
21/02/2023,53353.11719,53749.58594,53239.84375,53353.11719,1227970
22/02/2023,52673.46094,53409.75781,52390.26953,53353.11719,1891834
23/02/2023,52843.375,53239.84375,51653.97656,52673.46094,1846281
24/02/2023,52956.65234,53239.84375,50974.31641,52673.46094,1266637
27/02/2023,52560.18359,52956.65234,51937.16406,52673.46094,919874
28/02/2023,52956.65234,53069.92969,52446.91016,52730.09766,1104908
1/03/2023,52673.46094,52900.01563,52220.35547,52276.99609,1369570
2/03/2023,52786.73828,53126.56641,51993.80469,52673.46094,1738580
3/03/2023,51484.0625,52560.18359,51484.0625,51993.80469,1526532
6/03/2023,51540.69922,52220.35547,51540.69922,51540.69922,1256925
7/03/2023,52050.44141,52390.26953,51597.33594,51823.89063,1859700
8/03/2023,52220.35547,52220.35547,51370.78516,51540.69922,1539420
9/03/2023,52673.46094,52900.01563,51937.16406,52107.07813,1974111
10/03/2023,52163.71875,52390.26953,51823.89063,52220.35547,1366216
13/03/2023,51823.89063,52107.07813,51427.42188,52107.07813,1340439
14/03/2023,51540.69922,51653.97656,51257.50781,51540.69922,1600863
15/03/2023,51767.25,52107.07813,51597.33594,51880.52734,1502167
16/03/2023,51540.69922,52107.07813,50691.125,51540.69922,1423069
17/03/2023,50407.9375,51597.33594,50407.9375,51540.69922,4011784
20/03/2023,48199.05078,50691.125,48199.05078,50407.9375,1901545
21/03/2023,48991.98438,50917.67969,48368.96484,48368.96484,2071748
22/03/2023,50407.9375,50917.67969,49048.62109,49048.62109,1940034
23/03/2023,51370.78516,51370.78516,49445.08984,50294.66016,3434964
24/03/2023,50407.9375,51540.69922,50351.29688,51540.69922,1188245
27/03/2023,51540.69922,51540.69922,49841.55469,50407.9375,1458557
28/03/2023,51993.80469,52616.82422,51030.95703,51427.42188,1569259
29/03/2023,52276.99609,52390.26953,51257.50781,52390.26953,746492
30/03/2023,52503.54688,52786.73828,52107.07813,52276.99609,1069419
31/03/2023,51767.25,52786.73828,51257.50781,52560.18359,1824918
3/04/2023,52560.18359,52616.82422,51653.97656,51937.16406,1434898
4/04/2023,52107.07813,52616.82422,51880.52734,52560.18359,552453
5/04/2023,52163.71875,52276.99609,51597.33594,52276.99609,762737
6/04/2023,51653.97656,52163.71875,51653.97656,51823.89063,740313
7/04/2023,50974.31641,51597.33594,50691.125,51540.69922,1488749
10/04/2023,50407.9375,50974.31641,50407.9375,50974.31641,1204665
11/04/2023,49954.83203,50974.31641,49954.83203,50407.9375,1461205
12/04/2023,50011.46875,50181.38281,49841.55469,50011.46875,1026516
13/04/2023,49954.83203,50124.74609,49728.27734,50011.46875,1001092
14/04/2023,50068.10547,50464.57422,49954.83203,50011.46875,843600
17/04/2023,50068.10547,50124.74609,49728.27734,50068.10547,997383
18/04/2023,49841.55469,50181.38281,49558.36328,50011.46875,1338497
19/04/2023,50124.74609,50238.02344,49841.55469,49898.19141,870260
20/04/2023,50011.46875,50294.66016,49841.55469,50294.66016,455169
21/04/2023,49558.36328,49898.19141,49501.72656,49841.55469,1865350
24/04/2023,49784.91797,50124.74609,49275.17188,49841.55469,1033225
25/04/2023,50011.46875,50124.74609,49558.36328,49954.83203,998972
26/04/2023,50634.48828,50691.125,49784.91797,49841.55469,7143551
27/04/2023,50974.31641,51257.50781,50068.10547,50238.02344,1273523
28/04/2023,51257.50781,51257.50781,50294.66016,50974.31641,1307775
4/05/2023,50124.74609,50974.31641,50124.74609,50974.31641,986967
5/05/2023,50861.04297,50917.67969,49954.83203,50124.74609,1060239
8/05/2023,52673.46094,52786.73828,50861.04297,50974.31641,2759977
9/05/2023,52276.99609,53183.20313,52276.99609,52673.46094,1799846
10/05/2023,52107.07813,52673.46094,51880.52734,52050.44141,1448493
11/05/2023,51540.69922,52163.71875,51540.69922,52107.07813,1203428
12/05/2023,52560.18359,52560.18359,51427.42188,51540.69922,1577558
15/05/2023,51937.16406,52673.46094,51653.97656,52107.07813,1198664
16/05/2023,52446.91016,52730.09766,51710.61328,52107.07813,1591859
17/05/2023,52560.18359,52673.46094,52276.99609,52390.26953,1408766
18/05/2023,53806.22266,54372.60547,52220.35547,52616.82422,3345448
19/05/2023,53353.11719,53749.58594,52446.91016,53523.03516,1076835
22/05/2023,52730.09766,53183.20313,52220.35547,52673.46094,1174649
23/05/2023,52560.18359,53013.28906,52163.71875,52673.46094,1004269
24/05/2023,52446.91016,52560.18359,52050.44141,52560.18359,680106
25/05/2023,52786.73828,53239.84375,51767.25,52446.91016,1106320
26/05/2023,52107.07813,52956.65234,52107.07813,52786.73828,1812735
29/05/2023,52730.09766,53806.22266,52107.07813,52107.07813,1113206
30/05/2023,53523.03516,53692.94922,52333.63281,52730.09766,2308514
31/05/2023,53239.84375,53296.48047,52730.09766,53183.20313,741726
1/06/2023,53183.20313,53579.67188,52786.73828,53579.67188,1255867
2/06/2023,53749.58594,53806.22266,52843.375,53183.20313,2573883
5/06/2023,55505.36719,55901.83594,53919.5,53919.5,2406153
6/06/2023,56071.75,56071.75,54655.79688,55505.36719,1376280
7/06/2023,54938.98828,56071.75,54938.98828,56071.75,1402940
8/06/2023,56638.12891,57600.98047,54938.98828,54938.98828,2400149
9/06/2023,56921.32031,57770.89453,56071.75,56638.12891,1891128
12/06/2023,57204.51172,57487.70313,55562.00781,56581.49219,803522
13/06/2023,58054.08203,58337.27344,56468.21484,56638.12891,1648887
14/06/2023,58110.72266,58903.65625,57487.70313,57997.44531,1519293
15/06/2023,58620.46484,58733.74219,57544.33984,58054.08203,1866410
16/06/2023,59470.03516,60262.97266,58450.55078,59016.93359,2386730
19/06/2023,57600.98047,58960.29297,57600.98047,58677.10156,2145023
20/06/2023,56581.49219,57261.14844,56524.85547,57261.14844,3442043
21/06/2023,56638.12891,56921.32031,56468.21484,56468.21484,2194456
22/06/2023,56864.68359,57770.89453,56581.49219,57770.89453,1582855
23/06/2023,56581.49219,56864.68359,56354.94141,56864.68359,1400469
26/06/2023,56638.12891,57147.875,56128.38672,56128.38672,1425187
27/06/2023,56638.12891,57204.51172,56468.21484,56638.12891,1263988
28/06/2023,57261.14844,57884.16797,56524.85547,56638.12891,1578796
29/06/2023,57714.25391,58337.27344,57261.14844,57657.61719,1761356
30/06/2023,56638.12891,57657.61719,56638.12891,57261.14844,1111617
3/07/2023,56638.12891,57091.23438,56524.85547,56638.12891,865317
4/07/2023,56638.12891,57714.25391,56581.49219,57034.59766,1387226
5/07/2023,57770.89453,58054.08203,56808.04297,57204.51172,4437645
6/07/2023,57034.59766,57884.16797,56921.32031,57827.53125,3264585
7/07/2023,59470.03516,59470.03516,56864.68359,56921.32031,3662374
10/07/2023,58167.35938,59413.39844,57940.80859,59413.39844,3077608
11/07/2023,58337.27344,59470.03516,57657.61719,57657.61719,4400921
12/07/2023,58903.65625,59186.84766,58167.35938,58167.35938,1537478
13/07/2023,59413.39844,59470.03516,58733.74219,59470.03516,2972025
14/07/2023,59470.03516,59470.03516,58903.65625,59413.39844,2310633
17/07/2023,59356.76172,59470.03516,59016.93359,59470.03516,2280443
18/07/2023,59073.57031,59470.03516,59073.57031,59413.39844,1458381
19/07/2023,60319.60938,60659.4375,59243.48438,59243.48438,4566181
20/07/2023,59470.03516,60262.97266,58677.10156,59753.22656,1553025
21/07/2023,59470.03516,59470.03516,58903.65625,59470.03516,3219433
24/07/2023,59243.48438,59696.58984,59186.84766,59526.67578,1613261
25/07/2023,61337.79297,61872.91016,60401.33594,60468.22656,3849337
26/07/2023,62474.91797,62474.91797,61471.57031,61471.57031,2597439
27/07/2023,62006.6875,62675.58594,61872.91016,62675.58594,1431030
28/07/2023,62207.35938,62207.35938,61404.68359,62006.6875,1805837
31/07/2023,61270.90234,62341.13672,61270.90234,62207.35938,2195141
1/08/2023,61003.34375,62073.57813,61003.34375,61270.90234,2052062
2/08/2023,61204.01172,61204.01172,60869.56641,61003.34375,1578452
3/08/2023,60602.00781,61204.01172,60535.11719,61204.01172,1451520
4/08/2023,60267.55859,60936.45313,60267.55859,60668.89453,1841267
7/08/2023,60735.78516,60735.78516,60200.66797,60267.55859,1860865
8/08/2023,60668.89453,61003.34375,60267.55859,60735.78516,1231014
9/08/2023,60334.44922,60802.67578,60267.55859,60668.89453,1051928
10/08/2023,59197.32422,60535.11719,59197.32422,60535.11719,2133556
11/08/2023,60468.22656,60468.22656,59197.32422,59197.32422,1406540
14/08/2023,59531.77344,60401.33594,59531.77344,60401.33594,2369320
15/08/2023,59464.88281,60200.66797,59197.32422,60200.66797,1746931
16/08/2023,59665.55078,59799.33203,59331.10547,59397.99219,1256300
17/08/2023,59799.33203,60066.89063,59264.21484,59665.55078,3236849
18/08/2023,59866.22266,60401.33594,59531.77344,60066.89063,3802388
21/08/2023,60066.89063,60334.44922,59665.55078,60000,2587744
22/08/2023,59130.43359,60000,58729.09766,59866.22266,2897345
23/08/2023,57725.75391,59464.88281,57591.97266,59464.88281,2653342
24/08/2023,58193.98047,58996.65625,57525.08203,57725.75391,1455835
25/08/2023,57658.86328,58193.98047,57525.08203,57658.86328,2192567
28/08/2023,58193.98047,58528.42969,57658.86328,57792.64063,2166105
29/08/2023,59130.43359,59197.32422,58127.08984,58193.98047,2173584
30/08/2023,59598.66406,59866.22266,59197.32422,59197.32422,2094497
31/08/2023,59598.66406,59933.10938,59063.54688,59598.66406,3692650
5/09/2023,60267.55859,60668.89453,59598.66406,59598.66406,3009736
6/09/2023,60334.44922,60334.44922,60000,60334.44922,3076116
7/09/2023,59866.22266,60735.78516,59866.22266,60200.66797,2927661
8/09/2023,59866.22266,59866.22266,59598.66406,59866.22266,2065947
11/09/2023,59197.32422,60200.66797,58862.875,59933.10938,3875787
12/09/2023,60133.77734,60200.66797,59464.88281,59531.77344,2410089
13/09/2023,59598.66406,60200.66797,59464.88281,60200.66797,2504125
14/09/2023,59598.66406,59866.22266,58929.76563,59531.77344,2321137
15/09/2023,60066.89063,60066.89063,59264.21484,59464.88281,3341923
18/09/2023,59397.99219,60000,59063.54688,59866.22266,1179707
19/09/2023,58929.76563,59665.55078,57525.08203,59397.99219,1809253
20/09/2023,58862.875,59130.43359,57792.64063,58929.76563,1580255
21/09/2023,58193.98047,58862.875,58060.19922,58862.875,2033065
22/09/2023,59732.44141,59866.22266,57525.08203,57792.64063,4006016
25/09/2023,59732.44141,59866.22266,59063.54688,59531.77344,3443614
26/09/2023,58193.98047,59799.33203,58127.08984,59665.55078,2486506
27/09/2023,58729.09766,59531.77344,58193.98047,58595.31641,2046508
28/09/2023,58862.875,59063.54688,57926.42188,58327.75781,1592327
29/09/2023,58528.42969,59063.54688,58260.87109,59063.54688,916907
2/10/2023,57859.53125,58327.75781,57859.53125,58260.87109,1144745
3/10/2023,57725.75391,57993.3125,57391.30469,57859.53125,1594567
4/10/2023,57725.75391,57725.75391,57056.85547,57725.75391,1379586
5/10/2023,56521.73828,57525.08203,56521.73828,57525.08203,1515930
6/10/2023,57123.74609,57123.74609,55852.84375,56521.73828,1197345
9/10/2023,56588.62891,57123.74609,56187.28906,57123.74609,1812089
10/10/2023,57591.97266,57658.86328,56588.62891,56588.62891,1199140
11/10/2023,57859.53125,57859.53125,57324.41406,57658.86328,1219024
12/10/2023,57525.08203,58127.08984,57190.63672,58127.08984,1318739
13/10/2023,57926.42188,57926.42188,57190.63672,57525.08203,1178209
16/10/2023,57591.97266,57926.42188,57257.52344,57257.52344,824193
17/10/2023,57458.19531,57859.53125,57190.63672,57591.97266,730158
18/10/2023,57458.19531,57525.08203,56856.1875,57190.63672,1893268
19/10/2023,56521.73828,57525.08203,56254.17969,57190.63672,2105857
20/10/2023,56722.40625,57056.85547,55317.72656,55852.84375,1402908
23/10/2023,56521.73828,56521.73828,55183.94531,56521.73828,1690247
24/10/2023,57525.08203,57859.53125,56120.40234,56521.73828,1486030
25/10/2023,57391.30469,57391.30469,56588.62891,56923.07813,1381529
26/10/2023,56521.73828,57525.08203,55852.84375,56856.1875,2272848
27/10/2023,56856.1875,56856.1875,56053.51172,56588.62891,1362543
30/10/2023,57458.19531,57525.08203,55852.84375,55852.84375,925255
31/10/2023,58060.19922,58127.08984,56789.29688,57458.19531,2150258
1/11/2023,58729.09766,58729.09766,57591.97266,58060.19922,2317399
2/11/2023,59531.77344,59531.77344,57926.42188,58862.875,1666177
3/11/2023,59464.88281,59799.33203,58929.76563,59531.77344,1730612
6/11/2023,59866.22266,60066.89063,59197.32422,59464.88281,1246531
7/11/2023,59063.54688,59732.44141,59063.54688,59531.77344,775755
8/11/2023,59866.22266,60000,58795.98828,58862.875,1987303
9/11/2023,58795.98828,59866.22266,58795.98828,59866.22266,3426241
10/11/2023,57525.08203,58528.42969,57525.08203,58260.87109,2109445
13/11/2023,57190.63672,57591.97266,57123.74609,57525.08203,4847965
14/11/2023,57525.08203,57859.53125,57123.74609,57525.08203,1624317
15/11/2023,58662.20703,58662.20703,57859.53125,57859.53125,6238336
16/11/2023,58862.875,58862.875,57993.3125,58193.98047,2008981
17/11/2023,57257.52344,58795.98828,57190.63672,58729.09766,2531035
20/11/2023,57591.97266,58193.98047,56856.1875,57257.52344,1730313
21/11/2023,57926.42188,57993.3125,57391.30469,57591.97266,1878318
22/11/2023,57993.3125,57993.3125,57190.63672,57725.75391,1602191
23/11/2023,57190.63672,58060.19922,57190.63672,57993.3125,1124539
24/11/2023,57525.08203,57525.08203,56856.1875,57190.63672,1186282
27/11/2023,57391.30469,57525.08203,56923.07813,57525.08203,819260
28/11/2023,57391.30469,57458.19531,56722.40625,57190.63672,1384669
29/11/2023,56923.07813,57458.19531,56923.07813,57123.74609,1252959
30/11/2023,56655.51953,57123.74609,56655.51953,56923.07813,1474967
1/12/2023,56856.1875,56856.1875,56254.17969,56789.29688,1179106
4/12/2023,57525.08203,57658.86328,56722.40625,57123.74609,1462259
5/12/2023,57123.74609,57591.97266,56722.40625,57525.08203,3498092
6/12/2023,57458.19531,57525.08203,56856.1875,57056.85547,1118260
7/12/2023,56989.96484,57525.08203,56856.1875,57324.41406,3593172
8/12/2023,56856.1875,57190.63672,56856.1875,56989.96484,1933035
11/12/2023,56321.07031,57056.85547,56254.17969,56856.1875,4138309
12/12/2023,56321.07031,56655.51953,56187.28906,56655.51953,1716858
13/12/2023,55986.62109,56521.73828,55986.62109,56321.07031,3798795
14/12/2023,56454.84766,56521.73828,56187.28906,56187.28906,1468987
15/12/2023,54983.27734,56454.84766,54983.27734,56187.28906,3959359
18/12/2023,54515.05078,55451.50391,54515.05078,55384.61719,2996877
19/12/2023,54314.38281,54515.05078,53578.59375,54515.05078,3108703
20/12/2023,54247.49219,54381.26953,53846.15234,54314.38281,3011378
21/12/2023,54113.71094,54180.60156,53712.375,54180.60156,3211858
22/12/2023,54113.71094,54247.49219,53779.26563,54113.71094,2574091
25/12/2023,54715.71875,54715.71875,53979.93359,54113.71094,2212600
26/12/2023,55384.61719,55384.61719,54849.5,54849.5,1664234
27/12/2023,55317.72656,55652.17578,55183.94531,55451.50391,1521461
28/12/2023,55384.61719,55585.28516,55117.05859,55317.72656,1491262
29/12/2023,53712.375,56120.40234,53712.375,55852.84375,2832017
2/01/2024,55852.84375,55919.73438,54983.27734,55451.50391,2837212
3/01/2024,56521.73828,56521.73828,55384.61719,55852.84375,2274044
4/01/2024,57458.19531,57658.86328,56187.28906,56521.73828,4088675
5/01/2024,57658.86328,57658.86328,57324.41406,57458.19531,1985958
8/01/2024,58060.19922,58060.19922,57725.75391,57725.75391,2470936
9/01/2024,58729.09766,58795.98828,58060.19922,58060.19922,3101377
10/01/2024,59866.22266,59866.22266,58327.75781,58729.09766,2751398
11/01/2024,59732.44141,60200.66797,59264.21484,59866.22266,2381684
12/01/2024,59331.10547,59866.22266,58461.53906,58929.76563,2921977
15/01/2024,60200.66797,60267.55859,59464.88281,59531.77344,3008239
16/01/2024,60200.66797,60267.55859,59464.88281,59531.77344,2142634
17/01/2024,60802.67578,60869.56641,59531.77344,59531.77344,2505919
18/01/2024,60936.45313,61003.34375,60200.66797,60802.67578,2225905
19/01/2024,61939.80078,62207.35938,60468.22656,60869.56641,2394691
22/01/2024,61538.46094,62541.80469,61538.46094,62541.80469,1662888
23/01/2024,61204.01172,61806.01953,60468.22656,61605.35156,2025576
24/01/2024,60936.45313,61538.46094,60802.67578,61270.90234,1211996
25/01/2024,60869.56641,61270.90234,60668.89453,60936.45313,898943
26/01/2024,61538.46094,61538.46094,61137.125,61270.90234,1523554
29/01/2024,61003.34375,61538.46094,60802.67578,61404.68359,1202727
30/01/2024,60869.56641,61003.34375,60267.55859,61003.34375,1397227
31/01/2024,59197.32422,60602.00781,59197.32422,60602.00781,1524302
1/02/2024,60066.89063,60334.44922,58862.875,58862.875,998809
2/02/2024,60401.33594,60535.11719,59598.66406,59598.66406,1266265
5/02/2024,60200.66797,60602.00781,59799.33203,60334.44922,3018405
6/02/2024,59866.22266,60602.00781,59598.66406,60401.33594,2132318
7/02/2024,60200.66797,60735.78516,59732.44141,60200.66797,2154893
15/02/2024,60133.77734,60668.89453,59598.66406,60200.66797,1705346
16/02/2024,59933.10938,60334.44922,59866.22266,60133.77734,1198392
19/02/2024,60334.44922,60535.11719,59732.44141,60133.77734,1703253
20/02/2024,61070.23438,61137.125,59799.33203,60267.55859,2272848
21/02/2024,61003.34375,61337.79297,60535.11719,61337.79297,2184793
22/02/2024,59866.22266,60869.56641,59866.22266,60602.00781,1934380
23/02/2024,59464.88281,61137.125,59464.88281,59866.22266,2832875
26/02/2024,59866.22266,60200.66797,59464.88281,59464.88281,1184040
27/02/2024,60936.45313,61003.34375,59598.66406,59933.10938,2539855
28/02/2024,65150.5,65150.5,60468.22656,60869.56641,6479180
29/02/2024,65083.61328,67224.07813,65083.61328,65886.28906,2976545
1/03/2024,65083.61328,65685.61719,63478.26172,65685.61719,3623282
4/03/2024,64214.04688,65551.83594,63946.48828,65551.83594,2592928
5/03/2024,63879.59766,64615.38281,63678.92969,64615.38281,2145026
6/03/2024,63946.48828,64749.16406,63612.03906,63879.59766,3095547
7/03/2024,64080.26563,65150.5,63879.59766,64147.15625,3746918
8/03/2024,63612.03906,64548.49609,63612.03906,64147.15625,3480210
11/03/2024,62943.14453,64214.04688,62943.14453,63612.03906,2995980
12/03/2024,63143.8125,63478.26172,62876.25391,62943.14453,1697273
13/03/2024,64214.04688,64548.49609,63076.92188,63478.26172,4916307
14/03/2024,63545.15234,64280.9375,63277.59375,64214.04688,3509663
15/03/2024,62876.25391,63545.15234,62809.36328,63545.15234,3687417
18/03/2024,62207.35938,63210.70313,61872.91016,63076.92188,2791912
19/03/2024,61872.91016,62541.80469,61872.91016,61872.91016,1584849
20/03/2024,62341.13672,62943.14453,61872.91016,61872.91016,1451495
21/03/2024,63678.92969,63879.59766,62876.25391,62876.25391,2532679
22/03/2024,64481.60547,64749.16406,63678.92969,63678.92969,2824055
25/03/2024,64013.37891,64816.05469,62943.14453,63545.15234,2365987
26/03/2024,64414.71484,64615.38281,64080.26563,64214.04688,1099423
27/03/2024,64080.26563,64347.82422,63946.48828,64347.82422,1883700
28/03/2024,64013.37891,64481.60547,63946.48828,64347.82422,1843185
29/03/2024,63478.26172,64147.15625,63478.26172,64147.15625,1442974
1/04/2024,63678.92969,64214.04688,63344.48047,63478.26172,1825395
2/04/2024,63210.70313,63678.92969,62809.36328,63612.03906,1693835
3/04/2024,62742.47656,63411.37109,62742.47656,63143.8125,2315904
4/04/2024,64214.04688,64214.04688,63143.8125,63478.26172,3201841
5/04/2024,63478.26172,63946.48828,63010.03516,63411.37109,1232478
8/04/2024,63478.26172,63745.82031,63010.03516,63478.26172,1435349
9/04/2024,63076.92188,63812.71094,63010.03516,63545.15234,1217827
10/04/2024,63210.70313,63277.59375,62943.14453,63076.92188,1280318
11/04/2024,62876.25391,63277.59375,62541.80469,62876.25391,1230385
12/04/2024,63277.59375,63879.59766,62742.47656,63210.70313,1410981
15/04/2024,61538.46094,64548.49609,61538.46094,63277.59375,2938123
16/04/2024,60869.56641,62742.47656,60535.11719,62742.47656,2925266
17/04/2024,60535.11719,61605.35156,59866.22266,61003.34375,2406501
19/04/2024,60535.11719,60802.67578,60000,60200.66797,2128581
22/04/2024,60602.00781,61137.125,60334.44922,60535.11719,1590829
23/04/2024,60267.55859,61003.34375,59665.55078,60602.00781,2484540
24/04/2024,60602.00781,60936.45313,60267.55859,60869.56641,3274349
25/04/2024,60869.56641,62140.46875,60535.11719,60602.00781,1995376
26/04/2024,61003.34375,62408.02734,61003.34375,61337.79297,2636133
2/05/2024,61471.57031,61872.91016,60936.45313,61605.35156,1840943
3/05/2024,61872.91016,62474.91797,61404.68359,61806.01953,2295871
6/05/2024,62207.35938,62408.02734,62006.6875,62140.46875,1863070
7/05/2024,62140.46875,62943.14453,62140.46875,62474.91797,1822704
8/05/2024,62207.35938,62341.13672,61605.35156,62006.6875,1980875
9/05/2024,61872.91016,62474.91797,61739.12891,62140.46875,1033942
10/05/2024,61538.46094,62006.6875,61337.79297,62006.6875,1298323
13/05/2024,60869.56641,61806.01953,60535.11719,61605.35156,1969992
14/05/2024,60602.00781,61270.90234,60535.11719,60936.45313,1394087
15/05/2024,60869.56641,61070.23438,60735.78516,60869.56641,1447375
16/05/2024,61939.80078,62006.6875,61204.01172,61538.46094,2680418
17/05/2024,61404.68359,61939.80078,61337.79297,61939.80078,1621764
20/05/2024,61471.57031,62207.35938,61404.68359,61739.12891,1805759
21/05/2024,60936.45313,61538.46094,60668.89453,61471.57031,2222342
22/05/2024,60668.89453,61337.79297,60668.89453,61204.01172,2260040
23/05/2024,60869.56641,61204.01172,60535.11719,60668.89453,1969764
24/05/2024,60334.44922,60869.56641,60200.66797,60869.56641,3596267
27/05/2024,60334.44922,60602.00781,60000,60468.22656,1881636
28/05/2024,60668.89453,60668.89453,60066.89063,60066.89063,2712451
29/05/2024,60066.89063,60869.56641,60066.89063,60735.78516,1773724
30/05/2024,59264.21484,60000,59197.32422,59866.22266,3589094
31/05/2024,58327.75781,59531.77344,58327.75781,59331.10547,5863050
3/06/2024,58996.65625,59732.44141,58862.875,58862.875,3189835
4/06/2024,59331.10547,59665.55078,59063.54688,59464.88281,3236227
5/06/2024,59397.99219,59866.22266,59264.21484,59331.10547,3413651
6/06/2024,59531.77344,60000,59397.99219,59464.88281,2541313
7/06/2024,59197.32422,60000,59197.32422,59598.66406,1928010
10/06/2024,58862.875,59665.55078,58795.98828,59464.88281,4368107
11/06/2024,58327.75781,59130.43359,58260.87109,59063.54688,3606807
12/06/2024,59331.10547,59665.55078,58193.98047,58461.53906,3363002
13/06/2024,59130.43359,59598.66406,59130.43359,59464.88281,2578725
14/06/2024,58528.42969,59598.66406,58528.42969,59197.32422,3710739
17/06/2024,58260.87109,58729.09766,58260.87109,58595.31641,3533731
18/06/2024,58260.87109,59197.32422,58260.87109,58528.42969,2109295
19/06/2024,57926.42188,58528.42969,57859.53125,58394.64844,3430277
20/06/2024,57525.08203,57926.42188,57257.52344,57926.42188,4064821
21/06/2024,57525.08203,57993.3125,57190.63672,57591.97266,2766461
24/06/2024,57190.63672,58461.53906,57190.63672,57525.08203,3274012
25/06/2024,57190.63672,57993.3125,57190.63672,57324.41406,2371090
26/06/2024,56989.96484,57725.75391,56989.96484,57458.19531,2581951
27/06/2024,56989.96484,57525.08203,56989.96484,56989.96484,2202407
28/06/2024,56989.96484,57525.08203,56856.1875,57525.08203,1752812
1/07/2024,57591.97266,57658.86328,56989.96484,57391.30469,1837848
2/07/2024,58996.65625,59397.99219,57658.86328,57993.3125,3790348
3/07/2024,59197.32422,59331.10547,58729.09766,58862.875,3439815
4/07/2024,58862.875,60000,58862.875,59264.21484,4739882
5/07/2024,58862.875,59665.55078,58862.875,58929.76563,2837151
8/07/2024,58327.75781,59331.10547,58327.75781,58862.875,1874655
9/07/2024,58929.76563,59130.43359,57993.3125,58528.42969,2390818
10/07/2024,59264.21484,59665.55078,58862.875,59063.54688,47590424
11/07/2024,58929.76563,59464.88281,58929.76563,59264.21484,2484848
12/07/2024,58595.31641,59264.21484,58595.31641,58996.65625,2816952
15/07/2024,58528.42969,59063.54688,58528.42969,58595.31641,4209109
16/07/2024,58795.98828,59264.21484,58595.31641,58595.31641,2488094
17/07/2024,58862.875,60200.66797,58528.42969,59397.99219,7000696
18/07/2024,58862.875,59397.99219,58795.98828,59063.54688,2634064
19/07/2024,58528.42969,59397.99219,58528.42969,58862.875,2007959
22/07/2024,58662.20703,59063.54688,58394.64844,58528.42969,2393644
23/07/2024,58528.42969,59063.54688,58528.42969,58729.09766,2407548
24/07/2024,58528.42969,58929.76563,58461.53906,58461.53906,3680241
25/07/2024,58394.64844,58662.20703,58327.75781,58595.31641,1373905
26/07/2024,58394.64844,58662.20703,58327.75781,58394.64844,2965781
29/07/2024,58394.64844,58729.09766,58394.64844,58595.31641,808510
30/07/2024,58528.42969,59063.54688,58394.64844,58394.64844,1494701
31/07/2024,59665.55078,59665.55078,58528.42969,58528.42969,2860533
1/08/2024,60668.89453,61137.125,59665.55078,59732.44141,7209787
2/08/2024,59331.10547,60468.22656,59331.10547,60468.22656,2379143
5/08/2024,58127.08984,59197.32422,58127.08984,59197.32422,4607141
6/08/2024,58394.64844,58662.20703,57993.3125,58127.08984,6388135
7/08/2024,58662.20703,58662.20703,58193.98047,58461.53906,1215435
8/08/2024,58394.64844,58662.20703,58327.75781,58662.20703,1813734
9/08/2024,58662.20703,59063.54688,58461.53906,58461.53906,1699366
12/08/2024,58729.09766,59130.43359,58394.64844,59130.43359,1647938
13/08/2024,59866.22266,59866.22266,58595.31641,58595.31641,2381385
14/08/2024,58862.875,59799.33203,58729.09766,59732.44141,2231762
15/08/2024,58595.31641,59397.99219,58595.31641,58862.875,1376921
16/08/2024,58929.76563,59464.88281,58862.875,58862.875,2123544
19/08/2024,59397.99219,59732.44141,59063.54688,59397.99219,2531380
20/08/2024,60735.78516,60735.78516,59464.88281,59464.88281,5059574
21/08/2024,62073.57813,62207.35938,60468.22656,60735.78516,4588696
22/08/2024,61806.01953,62341.13672,61605.35156,62140.46875,2113251
23/08/2024,61806.01953,62073.57813,60535.11719,61872.91016,1793285
26/08/2024,61538.46094,61939.80078,61270.90234,61605.35156,2340909
27/08/2024,61204.01172,61605.35156,60802.67578,61538.46094,1531800
28/08/2024,60936.45313,61471.57031,60936.45313,61337.79297,1542300
29/08/2024,61204.01172,61806.01953,60869.56641,60869.56641,2422387
30/08/2024,61337.79297,61739.12891,61204.01172,61204.01172,2496351
4/09/2024,60869.56641,60936.45313,60401.33594,60936.45313,3562643
5/09/2024,60267.55859,60936.45313,60267.55859,60602.00781,1770325
6/09/2024,60334.44922,60735.78516,60066.89063,60334.44922,2071173
9/09/2024,60334.44922,60334.44922,59665.55078,60267.55859,1050686
10/09/2024,59531.77344,60334.44922,59531.77344,60267.55859,2212922
11/09/2024,59130.43359,59531.77344,58862.875,59264.21484,2941212
12/09/2024,59866.22266,60267.55859,59130.43359,59197.32422,3315087
13/09/2024,60133.77734,60334.44922,59598.66406,60066.89063,2533746
16/09/2024,59464.88281,60200.66797,59397.99219,59933.10938,2047701
17/09/2024,60535.11719,60535.11719,59264.21484,59531.77344,1526139
18/09/2024,60869.56641,61471.57031,60000,60602.00781,2743704
19/09/2024,61204.01172,61337.79297,60802.67578,60869.56641,2086302
20/09/2024,60602.00781,61538.46094,60602.00781,61404.68359,3430141
23/09/2024,60802.67578,61270.90234,60802.67578,61070.23438,2297067
24/09/2024,61003.34375,61204.01172,60802.67578,60802.67578,951422
25/09/2024,62073.57813,62207.35938,61003.34375,61204.01172,3965405
26/09/2024,61872.91016,62742.47656,61872.91016,62140.46875,2886577
27/09/2024,61872.91016,62608.69531,61872.91016,61872.91016,1675745
30/09/2024,61538.46094,61872.91016,61538.46094,61872.91016,2079429
1/10/2024,61538.46094,62474.91797,61538.46094,61739.12891,2652728
2/10/2024,62006.6875,62006.6875,61404.68359,61739.12891,2231898
3/10/2024,61939.80078,62809.36328,61806.01953,61939.80078,2615116
4/10/2024,61739.12891,62073.57813,61739.12891,61872.91016,1380931
7/10/2024,61538.46094,61872.91016,61404.68359,61739.12891,987746
8/10/2024,61204.01172,61538.46094,60869.56641,61538.46094,1712042
9/10/2024,60869.56641,61404.68359,60802.67578,61070.23438,3888083
10/10/2024,61471.57031,62207.35938,61003.34375,61739.12891,2100818
11/10/2024,61204.01172,61471.57031,61003.34375,61471.57031,1709611
14/10/2024,61137.125,61672.24219,61070.23438,61672.24219,1510996
15/10/2024,61137.125,61605.35156,61070.23438,61070.23438,2138791
16/10/2024,61204.01172,61404.68359,61070.23438,61137.125,1962935
17/10/2024,61672.24219,61739.12891,61337.79297,61538.46094,1921698
18/10/2024,61806.01953,62274.24609,61538.46094,62006.6875,2037303
21/10/2024,61538.46094,62408.02734,61538.46094,61872.91016,2127534
22/10/2024,61137.125,61672.24219,61137.125,61538.46094,1882952
23/10/2024,61204.01172,61404.68359,61003.34375,61003.34375,1120203
24/10/2024,61337.79297,61739.12891,61137.125,61672.24219,1129323
25/10/2024,61404.68359,61739.12891,61337.79297,61605.35156,1571694
28/10/2024,61538.46094,61739.12891,61204.01172,61204.01172,1689052
29/10/2024,61538.46094,61939.80078,61538.46094,61605.35156,2089412
30/10/2024,61337.79297,61806.01953,61270.90234,61538.46094,972497
31/10/2024,62608.69531,63545.15234,61204.01172,61204.01172,4468405
1/11/2024,62541.80469,63478.26172,62541.80469,62876.25391,2666040
4/11/2024,61872.91016,63745.82031,61806.01953,62876.25391,2920632
5/11/2024,61939.80078,62207.35938,61538.46094,61939.80078,1698469
6/11/2024,62140.46875,62474.91797,62073.57813,62073.57813,2267616
7/11/2024,62341.13672,62809.36328,62341.13672,62341.13672,2201088
8/11/2024,61672.24219,62809.36328,61672.24219,62541.80469,2212600
11/11/2024,61538.46094,62073.57813,61471.57031,62073.57813,3009136
12/11/2024,61471.57031,62341.13672,61471.57031,61538.46094,2102418
13/11/2024,61872.91016,62140.46875,61471.57031,61471.57031,2070874
14/11/2024,61538.46094,61872.91016,61471.57031,61538.46094,2675601
15/11/2024,61337.79297,61872.91016,61270.90234,61538.46094,2380040
18/11/2024,60869.56641,61739.12891,60802.67578,61337.79297,2907625
19/11/2024,60200.66797,61270.90234,60200.66797,61204.01172,2446418
20/11/2024,60401.33594,61003.34375,60133.77734,60200.66797,2557496
21/11/2024,60535.11719,61070.23438,60334.44922,60468.22656,2184344
22/11/2024,60602.00781,61070.23438,60602.00781,60869.56641,2830483
25/11/2024,61070.23438,61672.24219,60802.67578,60802.67578,2711931
26/11/2024,61806.01953,62140.46875,61137.125,61137.125,2875632
27/11/2024,62006.6875,62341.13672,61739.12891,61739.12891,1565564
28/11/2024,61939.80078,62541.80469,61872.91016,62274.24609,2076405
29/11/2024,62408.02734,62408.02734,61872.91016,61939.80078,1607274
2/12/2024,63010.03516,63612.03906,62809.36328,63478.26172,2465404
3/12/2024,62207.35938,63143.8125,61939.80078,63143.8125,3753048
4/12/2024,62541.80469,62809.36328,61872.91016,62073.57813,1800579
5/12/2024,62876.25391,63277.59375,62207.35938,62207.35938,3732417
6/12/2024,63010.03516,63745.82031,62809.36328,62876.25391,2541649
9/12/2024,63745.82031,63745.82031,62809.36328,63010.03516,3059517
10/12/2024,63210.70313,63745.82031,63210.70313,63745.82031,1461063
11/12/2024,62408.02734,63411.37109,62341.13672,63210.70313,2629256
12/12/2024,62541.80469,63143.8125,62541.80469,62541.80469,1055022
13/12/2024,62274.24609,62608.69531,62140.46875,62341.13672,2149959
16/12/2024,62274.24609,62341.13672,62140.46875,62207.35938,1797887
17/12/2024,62207.35938,62274.24609,62073.57813,62207.35938,1759764
18/12/2024,62274.24609,62408.02734,62207.35938,62207.35938,844525
19/12/2024,61806.01953,62073.57813,61672.24219,62073.57813,2988056
20/12/2024,61872.91016,62140.46875,61739.12891,61806.01953,2790417
23/12/2024,61806.01953,62073.57813,61806.01953,61939.80078,2410239
24/12/2024,61605.35156,62073.57813,61538.46094,62006.6875,1603088
25/12/2024,61806.01953,62742.47656,61672.24219,61672.24219,4091366
26/12/2024,61605.35156,62073.57813,61538.46094,61872.91016,3330710
27/12/2024,61672.24219,62207.35938,61672.24219,61872.91016,2451650
30/12/2024,61538.46094,61872.91016,61538.46094,61672.24219,2618791
31/12/2024,61003.34375,61806.01953,61003.34375,61672.24219,3779958
2/01/2025,61471.57031,61872.91016,61204.01172,61270.90234,2437598
3/01/2025,61538.46094,61806.01953,61471.57031,61471.57031,2543892
6/01/2025,62140.46875,62474.91797,61471.57031,61538.46094,2895516
7/01/2025,61739.12891,62341.13672,61739.12891,62341.13672,2267915
8/01/2025,61806.01953,61806.01953,61204.01172,61739.12891,1572740
9/01/2025,61471.57031,61672.24219,61337.79297,61538.46094,1446711
10/01/2025,61137.125,61806.01953,61137.125,61471.57031,1663187
13/01/2025,61471.57031,61471.57031,60936.45313,61070.23438,1699815
14/01/2025,61337.79297,61471.57031,61003.34375,61471.57031,1012563
15/01/2025,61137.125,61471.57031,61137.125,61471.57031,793994
16/01/2025,62006.6875,62341.13672,61404.68359,61471.57031,3763214
17/01/2025,61872.91016,62207.35938,61672.24219,62006.6875,2861259
20/01/2025,61337.79297,61872.91016,61270.90234,61739.12891,2803872
21/01/2025,61137.125,61605.35156,61070.23438,61605.35156,2542990
22/01/2025,61003.34375,61538.46094,61003.34375,61538.46094,1708934
23/01/2025,61872.91016,62140.46875,61070.23438,61070.23438,2647495
24/01/2025,61939.80078,62207.35938,61605.35156,61605.35156,1728967
3/02/2025,61270.90234,61806.01953,61270.90234,61739.12891,2424292
4/02/2025,61538.46094,61672.24219,61337.79297,61605.35156,1523704
5/02/2025,61939.80078,62073.57813,61538.46094,61538.46094,2236221
6/02/2025,62140.46875,62474.91797,62006.6875,62073.57813,2319343
7/02/2025,62207.35938,62341.13672,61872.91016,62140.46875,3604295
10/02/2025,61672.24219,62140.46875,61471.57031,62140.46875,3734360
11/02/2025,61471.57031,61739.12891,61337.79297,61672.24219,1553903
12/02/2025,61204.01172,61872.91016,61204.01172,61471.57031,1874580
13/02/2025,61270.90234,61471.57031,61137.125,61471.57031,1289138
14/02/2025,61270.90234,61672.24219,61204.01172,61672.24219,1715662
17/02/2025,61270.90234,61538.46094,61204.01172,61204.01172,1176714
18/02/2025,61270.90234,61538.46094,61137.125,61270.90234,1891623
19/02/2025,61337.79297,61337.79297,61070.23438,61270.90234,2773972
20/02/2025,61337.79297,61739.12891,61337.79297,61672.24219,2745418
21/02/2025,62274.24609,62274.24609,61605.35156,61605.35156,3757533
24/02/2025,62541.80469,62541.80469,62006.6875,62408.02734,3128736
25/02/2025,61939.80078,62608.69531,61872.91016,62541.80469,2974452
26/02/2025,61739.12891,62140.46875,61672.24219,61939.80078,1354470
27/02/2025,62876.25391,63812.71094,62876.25391,63478.26172,7612241
28/02/2025,62408.02734,63010.03516,62408.02734,63010.03516,3300362
3/03/2025,62408.02734,62541.80469,62207.35938,62541.80469,1964430
4/03/2025,62207.35938,62474.91797,62006.6875,62341.13672,3940371
5/03/2025,62207.35938,62742.47656,62207.35938,62207.35938,2815384
6/03/2025,62541.80469,63010.03516,62341.13672,62541.80469,3675607
7/03/2025,63612.03906,63745.82031,62541.80469,62608.69531,6103337
10/03/2025,64749.16406,65150.5,64280.9375,64481.60547,6772051
11/03/2025,64749.16406,64749.16406,63946.48828,64214.04688,5536284
12/03/2025,66700,68600,65600,66000,7661300
13/03/2025,65500,67200,65200,67200,4559300
14/03/2025,66000,66800,65400,65400,5021600
17/03/2025,67300,67300,66000,66000,5003800
18/03/2025,66800,67800,66800,67800,3757000
19/03/2025,66500,67200,66500,67200,3937000
20/03/2025,66800,67000,66200,66500,1789901
21/03/2025,66000,67000,66000,67000,1764500
24/03/2025,66500,66500,65500,66300,2078600
25/03/2025,66200,66600,66200,66500,2091100
26/03/2025,65800,66600,65800,66400,1608400
27/03/2025,65500,65900,65500,65800,964500
28/03/2025,64800,65700,64800,65500,1751600
31/03/2025,64000,65200,64000,64700,1834900
1/04/2025,64500,65300,64000,64700,1816200
2/04/2025,64800,66000,64600,65000,2393700
3/04/2025,60300,64400,60300,64000,10107100
4/04/2025,60000,60000,56200,56700,12023700
8/04/2025,55800,59800,55800,59800,7255601
9/04/2025,52500,59700,52000,52000,8995800
10/04/2025,56100,56100,56100,56100,196200
11/04/2025,59800,59900,58000,59800,8059500
14/04/2025,59300,60000,58700,60000,3783500
15/04/2025,60000,60900,58300,59100,5783200
16/04/2025,59300,60300,59000,59700,2789800
17/04/2025,58100,59300,58100,59300,3151800
18/04/2025,58100,59600,58100,58700,2329401
21/04/2025,58200,58900,58100,58500,1290500
22/04/2025,58500,58800,54700,58100,4014700
23/04/2025,58000,59400,58000,59400,1928700
24/04/2025,58200,58600,58000,58200,2025200
25/04/2025,57500,59000,57500,58200,3682000
28/04/2025,57500,58300,57500,57700,1818600
29/04/2025,57300,58500,57300,57700,2462700
5/05/2025,57100,58000,57000,57500,2231718
6/05/2025,57000,58000,57000,57300,3508281
7/05/2025,57000,57500,57000,57100,2545087
8/05/2025,57100,57700,56900,57400,3064860
9/05/2025,56600,57600,56600,57300,6055894
12/05/2025,56600,57300,56200,57000,6045543
13/05/2025,56800,57300,56600,57100,7613543
14/05/2025,58700,58800,57200,57200,8071608
15/05/2025,58700,59800,58700,59300,8290607
16/05/2025,57500,59000,57500,58800,11589970
19/05/2025,57000,57600,57000,57400,5002918
20/05/2025,57100,57400,56800,57000,3906882
21/05/2025,57100,57900,57000,57500,5375505
22/05/2025,56900,57400,56900,57100,4096103
23/05/2025,56800,57500,56700,56900,3761892
26/05/2025,57000,57000,56000,56900,5058429
27/05/2025,56800,57200,56700,56800,5805811
28/05/2025,56800,57600,56800,57100,7459437
29/05/2025,56700,57200,56700,57200,4318542
30/05/2025,56400,56900,56400,56800,3978554
2/06/2025,56200,56500,56100,56500,3439645
3/06/2025,56800,56900,56400,56700,3408416
4/06/2025,56600,57000,56500,56900,2902760
5/06/2025,56300,56800,56300,56700,2916587
6/06/2025,56100,56600,56100,56300,2723554
9/06/2025,55900,56400,55900,56200,2287030
10/06/2025,55900,56200,55900,56000,2422688
11/06/2025,55700,56200,55700,56200,2358663
12/06/2025,56000,56100,55700,56000,2647774
13/06/2025,56200,57100,55600,55900,5432163
16/06/2025,56600,56700,56200,56200,4620463
17/06/2025,57200,57500,56800,56900,5226205
18/06/2025,56700,57300,56500,57200,3615309
19/06/2025,56600,57000,56500,56700,2430564
20/06/2025,57100,57200,56500,56700,8079498
23/06/2025,56600,56900,56500,56700,2776926
24/06/2025,56600,57100,56600,56900,4670030
25/06/2025,56600,56900,56600,56800,2833088
26/06/2025,56400,56800,56400,56700,3004219
27/06/2025,56700,57300,56400,56600,4176599
30/06/2025,57000,57200,56900,57000,3991227
1/07/2025,58200,58800,57100,57200,10151510
2/07/2025,58000,58600,57700,58300,3038603
3/07/2025,57900,58800,57700,58100,7534255
4/07/2025,58400,58800,57800,57900,4973776
7/07/2025,58600,58900,58200,58500,8193549
8/07/2025,59000,59500,58600,58800,10886490
9/07/2025,61500,61800,59400,59400,16602680
10/07/2025,61400,61800,61000,61800,8283436
11/07/2025,62700,63100,61500,61500,12846700
14/07/2025,62400,62900,61000,62900,8165467
15/07/2025,61400,62600,61400,62400,6454627
16/07/2025,61800,62100,61100,61400,62729140
17/07/2025,62200,62700,61800,61800,14285620
18/07/2025,61900,62600,61800,62300,7041692
21/07/2025,61300,62700,61300,62200,7125587
22/07/2025,62200,62200,60900,61300,5029448
23/07/2025,62100,62600,61800,62500,5224822
24/07/2025,62100,63500,61900,62200,8940746
25/07/2025,62000,62500,61900,62100,5111588
28/07/2025,62800,63000,62100,62200,10813560
29/07/2025,61000,63200,61000,63200,10780710
30/07/2025,60900,61900,60400,61000,7399600
31/07/2025,60200,61700,60100,61500,6205831
1/08/2025,60200,60600,59700,60300,4931693
4/08/2025,61100,61400,60000,60100,4593017
5/08/2025,61500,63700,61200,61500,18885850
6/08/2025,62300,62800,61900,62100,4813719
7/08/2025,61700,62900,61300,62900,9626430
8/08/2025,61900,63300,61600,62200,10795670
11/08/2025,62500,63200,62100,62100,7393190
12/08/2025,63000,64800,62700,62800,12473370
13/08/2025,62500,63600,62000,63500,7586427
14/08/2025,65200,66300,63300,63700,19173770
15/08/2025,64300,67500,64200,67400,16749930
18/08/2025,64500,65600,64000,64800,8583087
19/08/2025,64200,65400,64200,64500,9416712
20/08/2025,63000,64600,62200,64500,10760680
21/08/2025,64200,65000,63300,63300,9918977
22/08/2025,64600,67200,63700,64000,19176940
25/08/2025,63600,65800,63400,65800,7867628
26/08/2025,64600,65000,62900,63600,8209194
27/08/2025,69100,69100,65000,65000,33254600
28/08/2025,69000,70600,68700,69500,9359793
29/08/2025,68600,70100,68500,69200,14707680
3/09/2025,67000,68800,67000,68800,14579980
4/09/2025,68900,69000,66900,67500,9042641
5/09/2025,67500,69600,67500,69500,11260080
8/09/2025,65300,67500,65300,67100,11211920
9/09/2025,64900,64900,64900,0,200
